{
  "colorList": {
    "1": "#898989",
    "2": "#c8c8c8",
    "3": "#ababab",
    "4": "#757575",
    "5": "#949494",
    "6": "#909090",
    "7": "#565656",
    "8": "#dcdcdc",
    "9": "#919191",
    "10": "#676767",
    "11": "#606060",
    "12": "#5a5a5a",
    "13": "#696969",
    "14": "#d9d9d9",
    "15": "#838383",
    "16": "#707070",
    "17": "#818181",
    "18": "#bdbdbd",
    "19": "#9a9a9a",
    "20": "#919191",
    "21": "#414141",
    "22": "#848484",
    "23": "#676767",
    "24": "#565656",
    "25": "#4b4b4b",
    "26": "#464646",
    "27": "#646464",
    "28": "#4e4e4e",
    "29": "#151515",
    "30": "#c8c8c8",
    "31": "#a8a8a8",
    "32": "#767676",
    "33": "#9b9b9b",
    "34": "#535353",
    "35": "#303030",
    "36": "#9f9f9f",
    "37": "#5b5b5b",
    "38": "#5e5e5e",
    "39": "#616161",
    "40": "#7c7c7c",
    "41": "#5d5d5d",
    "42": "#5b5b5b",
    "43": "#272727",
    "44": "#626262",
    "45": "#4e4e4e",
    "46": "#4d4d4d",
    "47": "#3b3b3b",
    "48": "#313131",
    "49": "#424242",
    "50": "#4c4c4c",
    "51": "#161616",
    "52": "#5c5c5c",
    "53": "#535353",
    "54": "#2c2c2c",
    "55": "#5f5f5f",
    "56": "#6d6d6d",
    "57": "#333333",
    "58": "#848484",
    "59": "#565656",
    "60": "#9e9e9e",
    "61": "#878787"
  }
}