{
  "colorList": {
    "1": "#c5b089",
    "2": "#ffffd5",
    "3": "#ffefba",
    "4": "#645945",
    "5": "#ead0a2",
    "6": "#e2c99c",
    "7": "#5f5542",
    "8": "#ffffef",
    "9": "#e4cb9e",
    "10": "#9e8c6d",
    "11": "#978769",
    "12": "#7b6d55",
    "13": "#a19070",
    "14": "#ffffec",
    "15": "#c0ab85",
    "16": "#a99775",
    "17": "#c7b18a",
    "18": "#fff6bf",
    "19": "#d4bc93",
    "20": "#e0c79b",
    "21": "#675b47",
    "22": "#cfb88f",
    "23": "#9c8b6d",
    "24": "#84755c",
    "25": "#70644e",
    "26": "#6c604b",
    "27": "#938366",
    "28": "#6d614c",
    "29": "#221e17",
    "30": "#ffffcd",
    "31": "#f5daaa",
    "32": "#b09c7a",
    "33": "#b29f7b",
    "34": "#7e7057",
    "35": "#2e2820",
    "36": "#f9ddac",
    "37": "#84765c",
    "38": "#928265",
    "39": "#99886a",
    "40": "#b6a27e",
    "41": "#8c7d61",
    "42": "#897a5f",
    "43": "#3d362a",
    "44": "#9a896b",
    "45": "#7a6d55",
    "46": "#796b54",
    "47": "#5f5542",
    "48": "#4b4334",
    "49": "#655a46",
    "50": "#6f624d",
    "51": "#221f18",
    "52": "#786b53",
    "53": "#7d6f57",
    "54": "#3d362a",
    "55": "#83755b",
    "56": "#9e8d6e",
    "57": "#4f4737",
    "58": "#ab9977",
    "59": "#87785e",
    "60": "#f7dcab",
    "61": "#cfb88f"
  }
}