{
  "colorList": {
    "1": "#6b8921",
    "2": "#90b014",
    "3": "#7f9e1a",
    "4": "#607c25",
    "5": "#728f1f",
    "6": "#6f8d20",
    "7": "#4e692c",
    "8": "#9bbc10",
    "9": "#708e1f",
    "10": "#587428",
    "11": "#546f2a",
    "12": "#516c2b",
    "13": "#597528",
    "14": "#99ba11",
    "15": "#688522",
    "16": "#5d7926",
    "17": "#678423",
    "18": "#89a916",
    "19": "#75931e",
    "20": "#708e1f",
    "21": "#425c30",
    "22": "#698622",
    "23": "#587428",
    "24": "#4e692c",
    "25": "#48622e",
    "26": "#455f2f",
    "27": "#567229",
    "28": "#4a642d",
    "29": "#294139",
    "30": "#90b014",
    "31": "#7d9c1b",
    "32": "#617d25",
    "33": "#76941d",
    "34": "#4d672c",
    "35": "#385233",
    "36": "#78961d",
    "37": "#516c2b",
    "38": "#536e2a",
    "39": "#557029",
    "40": "#648124",
    "41": "#526e2a",
    "42": "#516c2b",
    "43": "#334c35",
    "44": "#557129",
    "45": "#4a642d",
    "46": "#49642d",
    "47": "#3f5831",
    "48": "#395233",
    "49": "#435d30",
    "50": "#49632e",
    "51": "#2a4239",
    "52": "#526d2a",
    "53": "#4d672c",
    "54": "#364f34",
    "55": "#536f2a",
    "56": "#5b7727",
    "57": "#3a5433",
    "58": "#698622",
    "59": "#4e692c",
    "60": "#77961d",
    "61": "#6a8722"
  }
}