{
  "colorList": {
    "1": "#804dc7",
    "2": "#08165c",
    "3": "#383838",
    "4": "#00ffff",
    "5": "#5f5f00",
    "6": "#585858",
    "7": "#ff83ff",
    "8": "#000000",
    "9": "#5b5747",
    "10": "#6892b2",
    "11": "#8f8f8f",
    "12": "#bfbf00",
    "13": "#7088b7",
    "14": "#00030a",
    "15": "#2780cc",
    "16": "#4db327",
    "17": "#996627",
    "18": "#1a1acc",
    "19": "#8033e6",
    "20": "#0d805a",
    "21": "#b3b3b3",
    "22": "#666666",
    "23": "#b38066",
    "24": "#80c04d",
    "25": "#ccb34d",
    "26": "#99b3cc",
    "27": "#9980cc",
    "28": "#66cccc",
    "29": "#e6e6e6",
    "30": "#0511b2",
    "31": "#a3242a",
    "32": "#b57f00",
    "33": "#ff26c5",
    "34": "#7ea9ce",
    "35": "#8ffdff",
    "36": "#2e4e5e",
    "37": "#60addb",
    "38": "#6aa893",
    "39": "#8f9375",
    "40": "#457adb",
    "41": "#988aca",
    "42": "#5fb2b1",
    "43": "#c6d6dc",
    "44": "#78949d",
    "45": "#a8a3a3",
    "46": "#85b6a7",
    "47": "#b3c1a3",
    "48": "#b3cddc",
    "49": "#b3add5",
    "50": "#71c3d1",
    "51": "#dae9ef",
    "52": "#42cfce",
    "53": "#6bc09e",
    "54": "#a3e6e2",
    "55": "#e98179",
    "56": "#c57173",
    "57": "#a9d3c1",
    "58": "#eb4b7a",
    "59": "#9b9b9b",
    "60": "#27506c",
    "61": "#805869"
  }
}