{
  "colorList": {
    "44": "#7a6d55",
    "45": "#796b54",
    "46": "#5f5542",
    "47": "#4b4334",
    "48": "#655a46",
    "49": "#6f624d",
    "50": "#221f18",
    "51": "#786b53",
    "52": "#7d6f57",
    "53": "#3d362a",
    "10": "#978769",
    "54": "#83755b",
    "11": "#7b6d55",
    "55": "#9e8d6e",
    "12": "#a19070",
    "56": "#4f4737",
    "13": "#ffffec",
    "57": "#ab9977",
    "14": "#c0ab85",
    "58": "#87785e",
    "15": "#a99775",
    "59": "#f7dcab",
    "16": "#c7b18a",
    "17": "#fff6bf",
    "18": "#d4bc93",
    "19": "#e0c79b",
    "0": "#c5b089",
    "1": "#ffffd5",
    "2": "#ffefba",
    "3": "#645945",
    "4": "#ead0a2",
    "5": "#e2c99c",
    "6": "#5f5542",
    "7": "#ffffef",
    "8": "#e4cb9e",
    "9": "#9e8c6d",
    "60": "#cfb88f",
    "20": "#675b47",
    "21": "#cfb88f",
    "22": "#9c8b6d",
    "23": "#84755c",
    "24": "#70644e",
    "25": "#6c604b",
    "26": "#938366",
    "27": "#6d614c",
    "28": "#221e17",
    "29": "#ffffcd",
    "30": "#f5daaa",
    "31": "#b09c7a",
    "32": "#b29f7b",
    "33": "#7e7057",
    "34": "#2e2820",
    "35": "#f9ddac",
    "36": "#84765c",
    "37": "#928265",
    "38": "#99886a",
    "39": "#b6a27e",
    "40": "#8c7d61",
    "41": "#897a5f",
    "42": "#3d362a",
    "43": "#9a896b"
  }
}